<?xml version="1.0"?>
<Runs Version="1" Minor="0">
	<Run Id="multiplier_myip_multiplier_0_0_synth_1" LaunchDir="C:/Users/888254/Documents/VHDL/git/2021_2_ip_multiplier_z10/2021_2_ip_multiplier_z10/2021_2_ip_multiplier_z10.runs/multiplier_myip_multiplier_0_0_synth_1" FlowId="Vivado_Synthesis" FromStepId="vivado" ToStepId="vivado"/>
	<Run Id="multiplier_processing_system7_0_0_synth_1" LaunchDir="C:/Users/888254/Documents/VHDL/git/2021_2_ip_multiplier_z10/2021_2_ip_multiplier_z10/2021_2_ip_multiplier_z10.runs/multiplier_processing_system7_0_0_synth_1" FlowId="Vivado_Synthesis" FromStepId="vivado" ToStepId="vivado"/>
	<Run Id="multiplier_auto_pc_0_synth_1" LaunchDir="C:/Users/888254/Documents/VHDL/git/2021_2_ip_multiplier_z10/2021_2_ip_multiplier_z10/2021_2_ip_multiplier_z10.runs/multiplier_auto_pc_0_synth_1" FlowId="Vivado_Synthesis" FromStepId="vivado" ToStepId="vivado"/>
	<Run Id="multiplier_rst_ps7_0_50M_0_synth_1" LaunchDir="C:/Users/888254/Documents/VHDL/git/2021_2_ip_multiplier_z10/2021_2_ip_multiplier_z10/2021_2_ip_multiplier_z10.runs/multiplier_rst_ps7_0_50M_0_synth_1" FlowId="Vivado_Synthesis" FromStepId="vivado" ToStepId="vivado"/>
	<Run Id="synth_1" LaunchDir="C:/Users/888254/Documents/VHDL/git/2021_2_ip_multiplier_z10/2021_2_ip_multiplier_z10/2021_2_ip_multiplier_z10.runs/synth_1" FlowId="Vivado_Synthesis" FromStepId="vivado" ToStepId="vivado">
		<Parent Id="multiplier_myip_multiplier_0_0_synth_1"/>
		<Parent Id="multiplier_processing_system7_0_0_synth_1"/>
		<Parent Id="multiplier_auto_pc_0_synth_1"/>
		<Parent Id="multiplier_rst_ps7_0_50M_0_synth_1"/>
	</Run>
	<Run Id="impl_1" LaunchDir="C:/Users/888254/Documents/VHDL/git/2021_2_ip_multiplier_z10/2021_2_ip_multiplier_z10/2021_2_ip_multiplier_z10.runs/impl_1" FlowId="Vivado_Implementation" FromStepId="init_design" ToStepId="route_design">
		<Parent Id="synth_1"/>
		<Parent Id="multiplier_myip_multiplier_0_0_synth_1"/>
		<Parent Id="multiplier_processing_system7_0_0_synth_1"/>
		<Parent Id="multiplier_auto_pc_0_synth_1"/>
		<Parent Id="multiplier_rst_ps7_0_50M_0_synth_1"/>
	</Run>
	<Parameters>
		<Parameter Name="runs.monitorLSFJobs" Val="true" Type="bool"/>
		<Parameter Name="runs.enableClusterConf" Val="true" Type="bool"/>
	</Parameters>
</Runs>

