<?xml version="1.0"?>
<Runs Version="1" Minor="0">
	<Run Id="pwm_myip_pwm_0_1_synth_1" LaunchDir="C:/Users/888254/Documents/VHDL/git/2021_2_ip_pwm_z10/2021_2_ip_pwm_z10/2021_2_ip_pwm_z10.runs/pwm_myip_pwm_0_1_synth_1" FlowId="Vivado_Synthesis" FromStepId="vivado" ToStepId="vivado"/>
	<Run Id="pwm_auto_pc_0_synth_1" LaunchDir="C:/Users/888254/Documents/VHDL/git/2021_2_ip_pwm_z10/2021_2_ip_pwm_z10/2021_2_ip_pwm_z10.runs/pwm_auto_pc_0_synth_1" FlowId="Vivado_Synthesis" FromStepId="vivado" ToStepId="vivado"/>
	<Run Id="pwm_processing_system7_0_0_synth_1" LaunchDir="C:/Users/888254/Documents/VHDL/git/2021_2_ip_pwm_z10/2021_2_ip_pwm_z10/2021_2_ip_pwm_z10.runs/pwm_processing_system7_0_0_synth_1" FlowId="Vivado_Synthesis" FromStepId="vivado" ToStepId="vivado"/>
	<Run Id="pwm_rst_ps7_0_50M_0_synth_1" LaunchDir="C:/Users/888254/Documents/VHDL/git/2021_2_ip_pwm_z10/2021_2_ip_pwm_z10/2021_2_ip_pwm_z10.runs/pwm_rst_ps7_0_50M_0_synth_1" FlowId="Vivado_Synthesis" FromStepId="vivado" ToStepId="vivado"/>
	<Run Id="synth_1" LaunchDir="C:/Users/888254/Documents/VHDL/git/2021_2_ip_pwm_z10/2021_2_ip_pwm_z10/2021_2_ip_pwm_z10.runs/synth_1" FlowId="Vivado_Synthesis" FromStepId="vivado" ToStepId="vivado">
		<Parent Id="pwm_myip_pwm_0_1_synth_1"/>
		<Parent Id="pwm_auto_pc_0_synth_1"/>
		<Parent Id="pwm_processing_system7_0_0_synth_1"/>
		<Parent Id="pwm_rst_ps7_0_50M_0_synth_1"/>
	</Run>
	<Parameters>
		<Parameter Name="runs.monitorLSFJobs" Val="true" Type="bool"/>
		<Parameter Name="runs.enableClusterConf" Val="true" Type="bool"/>
	</Parameters>
</Runs>

